<?xml version="1.0" encoding="UTF-8"?>
<!DOCTYPE mapper
  PUBLIC "-//mybatis.org//DTD Mapper 3.0//EN"
  "http://mybatis.org/dtd/mybatis-3-mapper.dtd">
<mapper namespace="Member">
  <select id="selectMemberList" resultType="map" parameterType="map">
    select * from
   (select rownum as cnt, mi.* 
   from (select mi_num, mi_id, mi_name 
      from member_info 
      order by mi_num DESC) mi
   where rownum&lt;=#{endNum})
   where cnt&gt;=#{startNum}  
    <where>
    </where>
  </select>
  <select id="selectMember" resultType="map" parameterType="map">
    select mi_num, mi_name, mi_id from member_info
    <where>
       <if test='mi_num!=null'>
          and mi_num=#{mi_num}
       </if>
      <if test='mi_id!=null'>
          and mi_id=#{mi_id}
       </if>   
       <if test='mi_name!=null'>
          and mi_name=#{mi_name}
       </if>    
    </where>
  </select>
  <select id="selectCountMember" resultType="int">
  <![CDATA[select count(1) from member_info
  where mi_num <= 1000]]>
  </select>
  <delete id="deleteMember">
  delete member_info
  where mi_num=#{mi_num}
  </delete>

</mapper>